Title,Date
"Love, Death & Robots: Volume 3: O mesmo pulso da máquina","02/10/2022"
"Love, Death & Robots: Volume 3: Viagem ruim","02/10/2022"
"Love, Death & Robots: Volume 3: Os três robôs","01/10/2022"
"Demon Slayer: Kimetsu no Yaiba: Tanjiro Kamado, Arco da Determinação Inabalável: Meu próprio aço","01/10/2022"
"Demon Slayer: Kimetsu no Yaiba: Tanjiro Kamado, Arco da Determinação Inabalável: Seleção final","01/10/2022"
"Demon Slayer: Kimetsu no Yaiba: Tanjiro Kamado, Arco da Determinação Inabalável: Sabito e Makomo","01/10/2022"
"Demon Slayer: Kimetsu no Yaiba: Tanjiro Kamado, Arco da Determinação Inabalável: Sakonji Urokodaki, o treinador","01/10/2022"
"Demon Slayer: Kimetsu no Yaiba: Tanjiro Kamado, Arco da Determinação Inabalável: Crueldade","30/09/2022"
"Garota Interrompida","30/09/2022"
"As vantagens de ser invisível","22/08/2022"
"Maldivas: Liga pro Sandro","19/06/2022"
"Maldivas: Incendiária","19/06/2022"
"Maldivas: Eu sou Patrícia Duque!","19/06/2022"
"Maldivas: Vocês acham que eu não vejo CSI?","19/06/2022"
"Maldivas: Bem-vindos ao Maldivas","17/06/2022"
"Mãe!","29/05/2022"
"Garota Exemplar","28/05/2022"
"Não Olhe para Cima","26/12/2021"
"Drive","20/12/2021"
"Ataque dos Cães","19/12/2021"
"Maid: Minissérie: Estalos","18/12/2021"
"Maid: Minissérie: Azul-celeste","18/12/2021"
"Maid: Minissérie: Obstáculos","18/12/2021"
"Maid: Minissérie: M","16/12/2021"
"Maid: Minissérie: Ladrão","16/12/2021"
"Maid: Minissérie: Caxemira","16/12/2021"
"Maid: Minissérie: Vidro do mar","16/12/2021"
"Maid: Minissérie: Pôneis","15/12/2021"
"Maid: Minissérie: Imitações baratas","15/12/2021"
"La casa de papel: Parte 5: Uma tradição familiar","04/12/2021"
"La casa de papel: Parte 5: Conversas na cama","03/12/2021"
"La casa de papel: Parte 5: A teoria da elegância","03/12/2021"
"La casa de papel: Parte 5: Voluntarismo","03/12/2021"
"La casa de papel: Parte 5: Válvula de escape","03/12/2021"
"Pieces of a Woman","29/11/2021"
"ROMA","20/11/2021"
"Você: Temporada 3: Casei com uma assassina","31/10/2021"
"Você: Temporada 3: E eles viveram felizes para sempre","31/10/2021"
"Você: Temporada 2: Simplesmente Love","31/10/2021"
"Você: Temporada 2: Joe detetive","31/10/2021"
"Você: Temporada 2: Medo e delírio em Beverly Hills","31/10/2021"
"Você: Temporada 2: Crise ex-istencial","31/10/2021"
"Você: Temporada 2: Adeus, gatinha","27/10/2021"
"Você: Temporada 2: Bom final de semana de bem-estar, Joe!","27/10/2021"
"Você: Temporada 2: O bom, o mau e o Hendy","26/10/2021"
"Você: Temporada 2: Para que servem os amigos?","26/10/2021"
"Você: Temporada 2: Só a ponta","26/10/2021"
"Você: Temporada 2: Recomeço","25/10/2021"
"Você: Temporada 1: O castelo do Barba Azul","25/10/2021"
"Você: Temporada 1: Candace","25/10/2021"
"Você: Temporada 1: Eu sou seu, meu bem!","24/10/2021"
"Você: Temporada 1: Um relacionamento especial","23/10/2021"
"Você: Temporada 1: Amour fou","21/10/2021"
"Você: Temporada 1: Vivendo com o inimigo","21/10/2021"
"Você: Temporada 1: O Capitão","20/10/2021"
"Você: Temporada 1: Talvez","20/10/2021"
"Você: Temporada 1: O último cara legal em Nova York","17/10/2021"
"Você: Temporada 1: Piloto","17/10/2021"
"A Mulher na Janela","12/10/2021"
"Fullmetal Alchemist: Brotherhood: Verdades veladas","08/10/2021"
"Fullmetal Alchemist: Brotherhood: Caminho de esperança","08/10/2021"
"Fullmetal Alchemist: Brotherhood: Chuva de tristeza","08/10/2021"
"Fullmetal Alchemist: Brotherhood: A angústia de um alquimista","08/10/2021"
"Fullmetal Alchemist: Brotherhood: Cidade da heresia","08/10/2021"
"Fullmetal Alchemist: Brotherhood: O primeiro dia","07/10/2021"
"Fullmetal Alchemist: Brotherhood: Alquimista de Aço","07/10/2021"
"Round 6: Inferno","25/09/2021"
"Round 6: Batatinha frita 1, 2, 3","24/09/2021"
"Sex Education: Temporada 3: Episódio 8","21/09/2021"
"Sex Education: Temporada 3: Episódio 7","21/09/2021"
"Sex Education: Temporada 3: Episódio 6","19/09/2021"
"Sex Education: Temporada 3: Episódio 5","19/09/2021"
"Sex Education: Temporada 3: Episódio 4","19/09/2021"
"Sex Education: Temporada 3: Episódio 3","19/09/2021"
"Sex Education: Temporada 3: Episódio 2","19/09/2021"
"Sex Education: Temporada 3: Episódio 1","19/09/2021"
"La casa de papel: Parte 5: Muitas vidas para viver","06/09/2021"
"La casa de papel: Parte 5: Seu lugar no céu","06/09/2021"
"La casa de papel: Parte 5: Bem-vindos ao show da vida","06/09/2021"
"La casa de papel: Parte 5: Você acredita em reencarnação?","06/09/2021"
"La casa de papel: Parte 5: Fim da estrada","05/09/2021"
"Questão de Tempo","29/08/2021"
"Modern Family: Temporada 2: Pacto familiar","28/08/2021"
"Modern Family: Temporada 2: O terremoto","28/08/2021"
"Modern Family: Temporada 2: O beijo","15/08/2021"
"Modern Family: Temporada 2: A velha carroça","14/08/2021"
"Modern Family: Retrato de família","14/08/2021"
"Modern Family: Havaí","14/08/2021"
"Modern Family: Aeroporto 2010","14/07/2021"
"Modern Family: Viagem com Scout","14/07/2021"
"Modern Family: No banco","14/07/2021"
"Modern Family: Virada de jogo","14/07/2021"
"Modern Family: Noite estrelada","14/07/2021"
"Modern Family: Que a verdade seja dita","14/07/2021"
"Modern Family: Medos","14/07/2021"
"Modern Family: Dia dos Namorados","14/07/2021"
"Modern Family: Alunissagem","14/07/2021"
"Modern Family: Quinze por cento","14/07/2021"
"Modern Family: Na minha casa, não","14/07/2021"
"Beleza americana","04/07/2021"
"Ex_Machina - Instinto Artificial","04/07/2021"
"Erin Brockovich - Uma Mulher de Talento","20/06/2021"
"Modern Family: Noite em claro","06/06/2021"
"Modern Family: Desenfeitando tudo","06/06/2021"
"Modern Family: Fizbo","05/06/2021"
"Modern Family: Grandes expectativas","05/06/2021"
"Modern Family: Em guarda","05/06/2021"
"Modern Family: Corra pela sua mulher","05/06/2021"
"Modern Family: Golpe do baú","05/06/2021"
"Modern Family: O incidente","05/06/2021"
"Modern Family: Venha voar comigo","05/06/2021"
"Modern Family: Ladrão de bicicleta","05/06/2021"
"Modern Family: Piloto","05/06/2021"
"O Dilema das Redes","27/05/2021"
"Um Contratempo","22/05/2021"
"Dois Papas","20/05/2021"
"Meninas Malvadas","15/05/2021"
"Festa de Palavras: Temporada 5: E a Lulu?","20/04/2021"
"Festa de Palavras: Temporada 5: Um mundo sem cores","20/04/2021"
"Galinha Pintadinha: 4ª temporada: Volume 4","20/04/2021"
"Fuja","20/04/2021"
"Festa de Palavras: Temporada 5: O tesouro perdido","20/04/2021"
"Festa de Palavras: Temporada 5: Dinossauros no parquinho","20/04/2021"
"Festa de Palavras: Temporada 5: Para o alto!","20/04/2021"
"A Viagem de Chihiro","11/04/2021"
"Os 7 de Chicago","27/03/2021"
"MANK","21/03/2021"
"Eu Me Importo","12/03/2021"
"O Quarto de Jack","12/03/2021"
"O cavaleiro das trevas","27/02/2021"
"O Aviador","14/02/2021"
"Tropa de Elite","13/02/2021"
"Ilha Do Medo","13/02/2021"
"Patrulha Canina: Temporada 4: Os filhotes salvam um dirigível / Os filhotes salvam o dia de chilli","03/01/2021"
"Forrest Gump","02/01/2021"
"BoJack Horseman: Temporada 1: BoJack Horseman: Temporada 1: A história de BoJack, capítulo 1","25/11/2020"
"A Maldição da Residência Hill: The Haunting of Hill House: Pesadelo","25/11/2020"
"Em Ritmo de Fuga","25/11/2020"
"Por dentro das prisões mais severas do mundo: Temporada 1: Filipinas","20/11/2020"
"V de vingança","17/11/2020"
"O Voo","15/11/2020"
"Millennium: Os Homens que Não Amavam as Mulheres","15/11/2020"
"Um Lugar Chamado Notting Hill","11/11/2020"
"O Gambito da Rainha: Minissérie: Fim de jogo","05/11/2020"
"O Gambito da Rainha: Minissérie: Partidas adiadas","02/11/2020"
"O Gambito da Rainha: Minissérie: Treinamento","31/10/2020"
"O Gambito da Rainha: Minissérie: Meio de jogo","31/10/2020"
"La La Land: Cantando Estações","27/10/2020"
"O Profissional","26/10/2020"
"O Gambito da Rainha: Minissérie: Peões duplos","25/10/2020"
"O Gambito da Rainha: Minissérie: O torneio","25/10/2020"
"O Gambito da Rainha: Minissérie: Aberturas","25/10/2020"
"O Diabo de Cada Dia","24/10/2020"
"A Maldição da Mansão Bly: A fera na selva","17/10/2020"
"A Maldição da Mansão Bly: Roupas e joias","17/10/2020"
"A Maldição da Mansão Bly: Ecos do passado - Parte 2","15/10/2020"
"A Maldição da Mansão Bly: Cantos secretos","13/10/2020"
"A Maldição da Mansão Bly: O altar dos mortos","12/10/2020"
"A Maldição da Mansão Bly: Perdas e culpa","12/10/2020"
"A Maldição da Mansão Bly: Ecos do passado - Parte 1","12/10/2020"
"A Maldição da Mansão Bly: As crianças","12/10/2020"
"A Maldição da Mansão Bly: A mansão","12/10/2020"
"The Umbrella Academy: Temporada 1: O violino branco","21/09/2020"
"The Umbrella Academy: Temporada 1: Mudanças","21/09/2020"
"The Umbrella Academy: Temporada 1: Ouvi um boato","21/09/2020"
"The Umbrella Academy: Temporada 1: O dia que aconteceu","20/09/2020"
"The Umbrella Academy: Temporada 1: O dia que não aconteceu","08/09/2020"
"The Umbrella Academy: Temporada 1: Número Cinco","31/08/2020"
"The Umbrella Academy: Temporada 1: Sentado na Lua","27/08/2020"
"The Umbrella Academy: Temporada 1: Comum (só que não)","20/08/2020"
"The Umbrella Academy: Temporada 1: Corre, cara, corre","19/08/2020"
"The Umbrella Academy: Temporada 1: A gente só se encontra em casamentos e funerais","17/08/2020"
"Expresso do Amanhã: Temporada 1: Acesso é poder","13/08/2020"
"Expresso do Amanhã: Temporada 1: Preparem-se!","13/08/2020"
"Expresso do Amanhã: Temporada 1: Sem seu criador","13/08/2020"
"Expresso do Amanhã: Temporada 1: Primeiro, o clima mudou","08/08/2020"
"As Telefonistas: Temporada final: Parte 2: Capítulo 42: O fim","08/08/2020"
"As Telefonistas: Temporada final: Parte 2: Capítulo 41: Fracasso","08/08/2020"
"As Telefonistas: Temporada final: Parte 2: Capítulo 40: Dor","07/08/2020"
"As Telefonistas: Temporada final: Parte 2: Capítulo 39: Paciência","07/08/2020"
"As Telefonistas: Temporada final: Parte 2: Capítulo 38: Poder","07/08/2020"
"Mulher-Maravilha","29/07/2020"
"Clube dos cinco","29/07/2020"
"Aquarius","28/07/2020"
"Avatar - A lenda de Aang: Avatar - A lenda de Aang: Livro 3: The Boiling Rock: Parte 1","21/07/2020"
"Avatar - A lenda de Aang: Avatar - A lenda de Aang: Livro 3: Os mestres da dominação do fogo","21/07/2020"
"Avatar - A lenda de Aang: Avatar - A lenda de Aang: Livro 3: O templo de Ar do Oeste","21/07/2020"
"Avatar - A lenda de Aang: Avatar - A lenda de Aang: Livro 3: The Day of the Black Sun: Parte 2","21/07/2020"
"Avatar - A lenda de Aang: Avatar - A lenda de Aang: Livro 3: The Day of the Black Sun: Parte 1","21/07/2020"
"Avatar - A lenda de Aang: Avatar - A lenda de Aang: Livro 3: Pesadelos e devaneios","21/07/2020"
"Avatar - A lenda de Aang: Avatar - A lenda de Aang: Livro 3: A manipuladora de fantoches","20/07/2020"
"Ultimate Beastmaster Brasil: A Vitória ou Nada: A Fera interior","20/07/2020"
"Ultimate Beastmaster Brasil: Sobrevivência do mais forte: A competição Ultimate Beastmaster","20/07/2020"
"Ultimate Beastmaster Brasil: Sobrevivência do mais forte: Últimas três vagas","20/07/2020"
"Ultimate Beastmaster Brasil: Sobrevivência do mais forte: Tudo para chegar lá","20/07/2020"
"Ultimate Beastmaster Brasil: Sobrevivência do mais forte: Superando todos os obstáculos","19/07/2020"
"Ultimate Beastmaster: Sobrevivência do mais forte: Uma nova batalha começa","19/07/2020"
"O poderoso chefão","14/07/2020"
"Coisa Mais Linda: Temporada 2: Escolhas","03/07/2020"
"Dark: Temporada 3: O paraíso","29/06/2020"
"Dark: Temporada 3: Entretempo","28/06/2020"
"Dark: Temporada 3: Luz e sombra","28/06/2020"
"Dark: Temporada 3: Vida e morte","28/06/2020"
"Dark: Temporada 3: A origem","28/06/2020"
"Dark: Temporada 3: Adam e Eva","27/06/2020"
"Dark: Temporada 3: Os sobreviventes","27/06/2020"
"Dark: Temporada 3: Déjà-vu","27/06/2020"
"Coisa Mais Linda: Temporada 2: Segunda Chance","27/06/2020"
"Coisa Mais Linda: Temporada 2: Só as Mulheres","27/06/2020"
"Coisa Mais Linda: Temporada 2: Jeitinho Carioca","27/06/2020"
"Coisa Mais Linda: Temporada 2: Compromissos","26/06/2020"
"Coisa Mais Linda: Temporada 2: Sobre Viver","23/06/2020"
"O Zoológico de Varsóvia","14/06/2020"
"Quebrando a banca","08/06/2020"
"O Limite da Traição","07/06/2020"
"Golpe Duplo","05/06/2020"
"Por Lugares Incríveis","03/06/2020"
"O Menino que Descobriu o Vento","31/05/2020"
"Brooklyn Nine-Nine: Temporada 1: Missão secreta","30/05/2020"
"Brooklyn Nine-Nine: Temporada 1: A aposta","30/05/2020"
"A Teoria de Tudo","29/05/2020"
"Meu Amigo Totoro","29/05/2020"
"Gênio indomável","29/05/2020"
"A Grande Aposta","29/05/2020"
"A Chegada","27/05/2020"
"Divertida Mente","26/05/2020"
"Klaus","25/05/2020"
"Peaky Blinders: Sangue, Apostas e Navalhas: Temporada 2: Episódio 2","24/05/2020"
"Peaky Blinders: Sangue, Apostas e Navalhas: Temporada 2: Episódio 1","24/05/2020"
"Peaky Blinders: Sangue, Apostas e Navalhas: Temporada 1: Episódio 6","22/05/2020"
"Peaky Blinders: Sangue, Apostas e Navalhas: Temporada 1: Episódio 5","21/05/2020"
"Peaky Blinders: Sangue, Apostas e Navalhas: Temporada 1: Episódio 4","20/05/2020"
"Manchester à beira-mar","19/05/2020"
"Arremesso Final: Episódio 10","19/05/2020"
"Arremesso Final: Episódio 9","18/05/2020"
"Mary Shelley","17/05/2020"
"Peaky Blinders: Sangue, Apostas e Navalhas: Temporada 1: Episódio 3","15/05/2020"
"Arremesso Final: Episódio 8","14/05/2020"
"O Grande Gatsby","13/05/2020"
"Arremesso Final: Episódio 7","13/05/2020"
"Arremesso Final: Episódio 6","13/05/2020"
"Arremesso Final: Episódio 5","13/05/2020"
"Arremesso Final: Episódio 4","13/05/2020"
"Arremesso Final: Episódio 3","13/05/2020"
"Arremesso Final: Episódio 2","13/05/2020"
"Peaky Blinders: Sangue, Apostas e Navalhas: Temporada 1: Episódio 2","11/05/2020"
"Prenda-Me Se for Capaz","10/05/2020"
"Arremesso Final: Episódio 1","08/05/2020"
"Moonlight - Sob a Luz do Luar","05/05/2020"
"O Filme da Minha Vida","03/05/2020"
"Pulp Fiction - Tempo de violência","03/05/2020"
"Birdman ou (A Inesperada Virtude da Ignorância)","03/05/2020"
"Eu Não Sou um Homem Fácil","01/05/2020"
"Peaky Blinders: Sangue, Apostas e Navalhas: Temporada 1: Episódio 1","29/04/2020"
"Brooklyn Nine-Nine: Temporada 1: O acordo","29/04/2020"
"Brooklyn Nine-Nine: Temporada 1: Natal","28/04/2020"
"Brooklyn Nine-Nine: Temporada 1: Ação de Graças","28/04/2020"
"Black Mirror: Bandersnatch","27/04/2020"
"Fome de Poder","27/04/2020"
"O Regresso","27/04/2020"
"Seven - Os sete crimes capitais","27/04/2020"
"Freud: Desejo","26/04/2020"
"Freud: Totem e tabu","25/04/2020"
"Milagre na Cela 7","21/04/2020"
"A Sociedade Literária e a Torta de Casca de Batata","20/04/2020"
"Freud: Sonâmbulos","20/04/2020"
"Freud: Trauma","20/04/2020"
"Freud: Histeria","20/04/2020"
"Brilho Eterno de uma Mente sem Lembranças","19/04/2020"
"Curtindo a Vida Adoidado","19/04/2020"
"La casa de papel: El fenómeno","04/04/2020"
"La casa de papel: Parte 4: Plano Paris","04/04/2020"
"La casa de papel: Parte 4: Derrube a barraca","04/04/2020"
"La casa de papel: Parte 4: Nocaute técnico","04/04/2020"
"La casa de papel: Parte 4: Cinco minutos antes","04/04/2020"
"La casa de papel: Parte 4: Suspiros da Espanha","04/04/2020"
"La casa de papel: Parte 4: Aula de anatomia","04/04/2020"
"La casa de papel: Parte 4: Casamento de Berlim","04/04/2020"
"La casa de papel: Parte 4: Fim de jogo","04/04/2020"
"Brooklyn Nine-Nine: Temporada 1: Incêndio na pizzaria","02/04/2020"
"Brooklyn Nine-Nine: Temporada 1: Velha guarda","02/04/2020"
"Brooklyn Nine-Nine: Temporada 1: 48 horas","02/04/2020"
"Brooklyn Nine-Nine: Temporada 1: Halloween","02/04/2020"
"Brooklyn Nine-Nine: Temporada 1: O abutre","02/04/2020"
"Brooklyn Nine-Nine: Temporada 1: Novo relacionamento","01/04/2020"
"Brooklyn Nine-Nine: Temporada 1: No limbo","01/04/2020"
"Brooklyn Nine-Nine: Temporada 1: Bem acompanhado","01/04/2020"
"Brooklyn Nine-Nine: Temporada 1: Piloto","01/04/2020"
"O Poço","30/03/2020"
"O Irlandês","30/03/2020"
"House of Cards: Temporada 5: Capítulo 65","24/03/2020"
"House of Cards: Temporada 5: Capítulo 64","23/03/2020"
"House of Cards: Temporada 5: Capítulo 63","23/03/2020"
"Até o Último Homem","22/03/2020"
"House of Cards: Temporada 5: Capítulo 62","22/03/2020"
"House of Cards: Temporada 5: Capítulo 61","21/03/2020"
"House of Cards: Temporada 5: Capítulo 60","21/03/2020"
"House of Cards: Temporada 5: Capítulo 59","18/03/2020"
"House of Cards: Temporada 5: Capítulo 58","18/03/2020"
"House of Cards: Temporada 5: Capítulo 57","18/03/2020"
"House of Cards: Temporada 5: Capítulo 56","16/03/2020"
"House of Cards: Temporada 5: Capítulo 55","15/03/2020"
"House of Cards: Temporada 5: Capítulo 54","15/03/2020"
"House of Cards: Temporada 5: Capítulo 53","14/03/2020"
"House of Cards: Temporada 4: Capítulo 52","14/03/2020"
"House of Cards: Temporada 4: Capítulo 51","14/03/2020"
"House of Cards: Temporada 4: Capítulo 50","14/03/2020"
"House of Cards: Temporada 4: Capítulo 49","14/03/2020"
"House of Cards: Temporada 4: Capítulo 48","11/03/2020"
"House of Cards: Temporada 4: Capítulo 47","10/03/2020"
"House of Cards: Temporada 4: Capítulo 46","10/03/2020"
"House of Cards: Temporada 4: Capítulo 45","09/03/2020"
"House of Cards: Temporada 4: Capítulo 44","09/03/2020"
"House of Cards: Temporada 4: Capítulo 43","09/03/2020"
"House of Cards: Temporada 4: Capítulo 42","09/03/2020"
"House of Cards: Temporada 4: Capítulo 41","08/03/2020"
"House of Cards: Temporada 4: Capítulo 40","08/03/2020"
"House of Cards: Temporada 3: Capítulo 39","07/03/2020"
"Vis a vis: Temporada 4: A maré amarela","07/03/2020"
"Vis a vis: Temporada 4: De volta ao lar","06/03/2020"
"Vis a vis: Temporada 4: Pessoa má","04/03/2020"
"Vis a vis: Temporada 4: Traição","04/03/2020"
"Vis a vis: Temporada 4: Mãe","04/03/2020"
"Vis a vis: Temporada 4: Limite da dor","04/03/2020"
"Vis a vis: Temporada 4: A fuga","04/03/2020"
"Vis a vis: Temporada 4: A Barbie","04/03/2020"
"Vis a vis: Temporada 3: O que sabemos sobre os monstros","04/03/2020"
"Vis a vis: Temporada 3: Fomos garotas","04/03/2020"
"Vis a vis: Temporada 3: Seis meses é muito tempo","04/03/2020"
"Vis a vis: Temporada 3: Alguém que desse bola","03/03/2020"
"Vis a vis: Temporada 3: A bandeira no muro","03/03/2020"
"Vis a vis: Temporada 3: Um grão de arroz","03/03/2020"
"Vis a vis: Temporada 3: Muito fácil ou muito difícil","03/03/2020"
"Vis a vis: Temporada 3: Cruz do Norte","03/03/2020"
"Vis a vis: Temporada 2: Líquido","03/03/2020"
"Vis a vis: Temporada 2: Banana e limão","03/03/2020"
"Vis a vis: Temporada 2: Protetora dos desesperados","02/03/2020"
"Vis a vis: Temporada 2: Pecados e confusões","02/03/2020"
"Vis a vis: Temporada 2: Prendendo os dedos","01/03/2020"
"Vis a vis: Temporada 2: A vida continua","01/03/2020"
"Vis a vis: Temporada 2: Um dia de campo","29/02/2020"
"Vis a vis: Temporada 2: Os macacos","28/02/2020"
"Vis a vis: Temporada 2: Na linha de fogo","28/02/2020"
"Vis a vis: Temporada 2: Um corpo no porta-malas","28/02/2020"
"Vis a vis: Temporada 2: A pequena galinha","28/02/2020"
"Vis a vis: Temporada 2: Lar, doce lar","28/02/2020"
"Vis a vis: Temporada 2: Duas armas a um macaco","28/02/2020"
"Vis a vis: Temporada 1: O princípio das tartarugas","28/02/2020"
"Vis a vis: Temporada 1: Gato cinza","27/02/2020"
"Vis a vis: Temporada 1: Quid pro quo","26/02/2020"
"Vis a vis: Temporada 1: Mulher bonita","26/02/2020"
"Vis a vis: Temporada 1: Às cinco em ponto","26/02/2020"
"Vis a vis: Temporada 1: Alguém vem buscar você","25/02/2020"
"Vis a vis: Temporada 1: Dura realidade","18/02/2020"
"Vis a vis: Temporada 1: Um dia no mato","18/02/2020"
"Vis a vis: Temporada 1: Nada acontece por acaso","16/02/2020"
"Vis a vis: Temporada 1: Consertando Sininho","15/02/2020"
"As Telefonistas: Temporada final: Parte 1: Capítulo 37: Insanidade","14/02/2020"
"As Telefonistas: Temporada final: Parte 1: Capítulo 36: Controle","14/02/2020"
"As Telefonistas: Temporada final: Parte 1: Capítulo 35: Coragem","14/02/2020"
"As Telefonistas: Temporada final: Parte 1: Capítulo 34: Ódio","14/02/2020"
"As Telefonistas: Temporada final: Parte 1: Capítulo 33: Guerra","14/02/2020"
"Chamas do Destino: Episódio 1","11/02/2020"
"Vis a vis: Temporada 1: Mosca-morta","10/02/2020"
"Lion - Uma jornada para casa","10/02/2020"
"Corra!","09/02/2020"
"Inacreditável: Minissérie: Episódio 8","08/02/2020"
"Inacreditável: Minissérie: Episódio 7","08/02/2020"
"Inacreditável: Minissérie: Episódio 6","07/02/2020"
"Inacreditável: Minissérie: Episódio 5","07/02/2020"
"Inacreditável: Minissérie: Episódio 4","07/02/2020"
"Inacreditável: Minissérie: Episódio 3","07/02/2020"
"Inacreditável: Minissérie: Episódio 2","07/02/2020"
"Inacreditável: Minissérie: Episódio 1","07/02/2020"
"História de um Casamento","07/02/2020"
"The Witcher: Temporada 1: O começo do fim","04/02/2020"
"The Good Place: Temporada 4: Segundas, não estou certo?","02/02/2020"
"The Good Place: Temporada 4: Você mudou, cara","02/02/2020"
"Ascensão: Império Otomano: O novo sultão","01/02/2020"
"Sex Education: Temporada 2: Episódio 8","31/01/2020"
"Sex Education: Temporada 2: Episódio 7","30/01/2020"
"Sex Education: Temporada 2: Episódio 6","30/01/2020"
"Sex Education: Temporada 2: Episódio 5","30/01/2020"
"Sex Education: Temporada 2: Episódio 4","30/01/2020"
"Sex Education: Temporada 2: Episódio 3","30/01/2020"
"Sex Education: Temporada 2: Episódio 2","30/01/2020"
"Sex Education: Temporada 2: Episódio 1","30/01/2020"
"Sex Education: Temporada 1: Episódio 8","29/01/2020"
"Sex Education: Temporada 1: Episódio 7","29/01/2020"
"Sex Education: Temporada 1: Episódio 6","28/01/2020"
"O Mundo Sombrio de Sabrina: Parte 3: Capítulo vinte e oito: Sabrina é lenda","28/01/2020"
"O Mundo Sombrio de Sabrina: Parte 3: Capítulo vinte e sete: O beijo de Judas","27/01/2020"
"O Mundo Sombrio de Sabrina: Parte 3: Capítulo vinte e seis: Todas as bruxas","27/01/2020"
"O Mundo Sombrio de Sabrina: Parte 3: Capítulo vinte e cinco: O mal interior","27/01/2020"
"O Mundo Sombrio de Sabrina: Parte 3: Capítulo vinte e quatro: Banho de lua","27/01/2020"
"O Mundo Sombrio de Sabrina: Parte 3: Capítulo vinte e três: O peso da coroa","25/01/2020"
"O Mundo Sombrio de Sabrina: Parte 3: Capítulo vinte e dois: Levando almas para o Inferno","25/01/2020"
"O Mundo Sombrio de Sabrina: Parte 3: Capítulo vinte e um: Não vou para o Inferno","24/01/2020"
"O Mundo Sombrio de Sabrina: Parte 2: Capítulo vinte: Valsa com o diabo","24/01/2020"
"Sex Education: Temporada 1: Episódio 5","23/01/2020"
"Sex Education: Temporada 1: Episódio 4","21/01/2020"
"Sex Education: Temporada 1: Episódio 3","21/01/2020"
"Sex Education: Temporada 1: Episódio 2","21/01/2020"
"Naruto: Temporada 4: O último arranco: o ato final de desespero","18/01/2020"
"Naruto: Temporada 4: Uma Batalha Feroz do Trovão Retumbante!","18/01/2020"
"Naruto: Temporada 4: Corra, Idate, corra… A Ilha Nagi o aguarda!","18/01/2020"
"Naruto: Temporada 4: A corrida começou! Problemas em alto mar!","18/01/2020"
"Naruto: Temporada 4: Missão: ajudar um velho amigo do país do chá!","18/01/2020"
"Naruto: Temporada 4: O verdadeiro rosto do Kakashi-Sensei!","18/01/2020"
"A Mente do Assassino: Aaron Hernandez: Minissérie: Episódio 2","18/01/2020"
"A Mente do Assassino: Aaron Hernandez: Minissérie: Episódio 1","18/01/2020"
"Titãs: Temporada 2: Dick Grayson","15/01/2020"
"Titãs: Temporada 2: Rapina 2","15/01/2020"
"Titãs: Temporada 2: Missão conjunta","15/01/2020"
"Titãs: Temporada 2: Atrás das grades","15/01/2020"
"Titãs: Temporada 2: Reparação","15/01/2020"
"Titãs: Temporada 2: Jericó","15/01/2020"
"Titãs: Temporada 2: Bruce Wayne","15/01/2020"
"Titãs: Temporada 2: Conner","15/01/2020"
"Titãs: Temporada 2: Exterminador","14/01/2020"
"Titãs: Temporada 2: Atlante","11/01/2020"
"Titãs: Temporada 2: Fantasmas","11/01/2020"
"Titãs: Temporada 2: Rose","11/01/2020"
"Titãs: Temporada 2: Trigon","11/01/2020"
"Marvel - Jessica Jones: Temporada 2: Rezem pela minha Patsy","10/01/2020"
"Cheer: Temporada 1: Deus abençoou o Texas!","09/01/2020"
"Anne with an E: Temporada 3: De coração para coração","09/01/2020"
"Anne with an E: Temporada 3: Uma escuridão assustadora","09/01/2020"
"Anne with an E: Temporada 3: Mudança boa e repentina","09/01/2020"
"Anne with an E: Temporada 3: Esforço pelo bem","09/01/2020"
"Anne with an E: Temporada 3: O que eu mais quero","09/01/2020"
"Marvel - Jessica Jones: Temporada 2: Três vidas e contando","09/01/2020"
"Marvel - Jessica Jones: Temporada 2: Costelinha de porco","09/01/2020"
"Marvel - Jessica Jones: Temporada 2: Entre o tubarão e o monstro","09/01/2020"
"Anne with an E: Temporada 3: Sou destemida e empoderada","08/01/2020"
"Anne with an E: Temporada 3: Espero encontrá-la em outro mundo","08/01/2020"
"Anne with an E: Temporada 3: Um coração determinado","08/01/2020"
"Anne with an E: Temporada 3: Não entendo o que minha alma diz","08/01/2020"
"Anne with an E: Temporada 3: Um segredo que eu pedi","08/01/2020"
"Anne with an E: Temporada 2: O que há de bom no mundo","08/01/2020"
"Anne with an E: Temporada 2: O que fomos faz parte daquilo que somos","08/01/2020"
"Anne with an E: Temporada 2: Na luta contra as evidências","08/01/2020"
"Marvel - Jessica Jones: Temporada 2: Instinto maternal","08/01/2020"
"Marvel - Jessica Jones: Temporada 2: Loucura, loucura","07/01/2020"
"Anne with an E: Temporada 2: Lembranças podem variar tanto quanto o humor","07/01/2020"
"Anne with an E: Temporada 2: Eu me recuso a qualquer conclusão definitiva","07/01/2020"
"Anne with an E: Temporada 2: Os atos que determinaram a vida dela","07/01/2020"
"Anne with an E: Temporada 2: A ansiedade dolorida da esperança em vão","07/01/2020"
"Anne with an E: Temporada 2: O que importa é o que está dentro","07/01/2020"
"Anne with an E: Temporada 2: Pequenos detalhes são mensuráveis, significados são infinitos","07/01/2020"
"Anne with an E: Temporada 2: Ser jovem é ter esperança","07/01/2020"
"Anne with an E: Temporada 1: Onde você estiver, será meu lar","07/01/2020"
"Marvel - Jessica Jones: Temporada 2: Cara a cara","07/01/2020"
"Marvel - Jessica Jones: Temporada 2: O polvo","07/01/2020"
"Marvel - Jessica Jones: Temporada 2: Assassina interior","06/01/2020"
"Marvel - Jessica Jones: Temporada 2: Única sobrevivente","05/01/2020"
"Anne with an E: Temporada 1: O remorso é o veneno da vida","05/01/2020"
"Anne with an E: Temporada 1: Um laço de amizade","05/01/2020"
"Anne with an E: Temporada 1: Um tesouro vindo da alma","05/01/2020"
"Anne with an E: Temporada 1: Obstinada como a juventude","05/01/2020"
"Os Cavaleiros do Zodíaco: Temporada 5: A Espada de Fogo! A Ambição Maligna","05/01/2020"
"Anne with an E: Temporada 1: Sou livre e nada me prende","05/01/2020"
"Anne with an E: Temporada 1: Sua determinação dita seu destino","04/01/2020"
"El Pepe, uma vida suprema","31/12/2019"
"Especial de Natal Porta dos Fundos","28/12/2019"
"Os Últimos Czares: O escolhido","27/12/2019"
"Black Mirror: Temporada 5: Striking Vipers","26/12/2019"
"House of Cards: Temporada 3: Capítulo 38","24/12/2019"
"House of Cards: Temporada 3: Capítulo 37","24/12/2019"
"House of Cards: Temporada 3: Capítulo 36","23/12/2019"
"House of Cards: Temporada 3: Capítulo 35","22/12/2019"
"House of Cards: Temporada 3: Capítulo 34","22/12/2019"
"House of Cards: Temporada 3: Capítulo 33","22/12/2019"
"House of Cards: Temporada 3: Capítulo 32","22/12/2019"
"House of Cards: Temporada 3: Capítulo 31","22/12/2019"
"House of Cards: Temporada 3: Capítulo 30","22/12/2019"
"House of Cards: Temporada 3: Capítulo 29","21/12/2019"
"House of Cards: Temporada 3: Capítulo 28","21/12/2019"
"House of Cards: Temporada 3: Capítulo 27","21/12/2019"
"House of Cards: Temporada 2: Capítulo 26","19/12/2019"
"House of Cards: Temporada 2: Capítulo 25","19/12/2019"
"House of Cards: Temporada 2: Capítulo 24","19/12/2019"
"House of Cards: Temporada 2: Capítulo 23","19/12/2019"
"House of Cards: Temporada 2: Capítulo 22","19/12/2019"
"House of Cards: Temporada 2: Capítulo 21","17/12/2019"
"House of Cards: Temporada 2: Capítulo 20","16/12/2019"
"House of Cards: Temporada 2: Capítulo 19","16/12/2019"
"Naruto: Temporada 4: Sensei e o aluno: o laço dos shinobi!","16/12/2019"
"Naruto: Temporada 4: A vontade do fogo ainda queima","16/12/2019"
"Naruto: Temporada 4: O aviso de Tsunade: ninja nunca mais!","16/12/2019"
"Naruto: Temporada 4: Sequestrado! A aventura de Naruto nas fontes termais","16/12/2019"
"Naruto: Temporada 4: Paralisação completa! O fim do Sannin!","16/12/2019"
"Naruto: Temporada 4: O quinto Hokage…Apostando a vida","15/12/2019"
"Naruto: Temporada 4: Atacar! A fúria do Rasengan!","15/12/2019"
"Naruto: Temporada 4: Interrupção…O acordo acabou!","15/12/2019"
"Naruto: Temporada 4: Uma oferta duvidosa! A escolha de Tsunade!","15/12/2019"
"Naruto: Temporada 4: Herança! O colar da morte!","15/12/2019"
"Naruto: Temporada 4: Imperdoável! Uma total falta de respeito!","15/12/2019"
"Naruto: Temporada 4: Uma escolha impossível: a dor dentro do coração de Tsunade","14/12/2019"
"Naruto: Temporada 4: Ponto focal: a marca da folha!","14/12/2019"
"Naruto: Temporada 4: O treinamento continua: estoure o balão d´água!","14/12/2019"
"Naruto: Temporada 4: Um novo treinamento começa! Eu serei forte!","14/12/2019"
"Naruto: Temporada 4: Ódio entre os Uchihas: o último do clã!","14/12/2019"
"Naruto: Temporada 4: Ruja, Chidori! Irmão contra irmão!","14/12/2019"
"Naruto: Temporada 4: Olho no olho: Sharingan contra Sharingan!","14/12/2019"
"Naruto: Temporada 4: O retorno da névoa matutina","13/12/2019"
"Naruto: Temporada 3: O terceiro Hokage, para sempre...","13/12/2019"
"Naruto: Temporada 3: Além do limite da escuridão e luz!","11/12/2019"
"Especial de Natal Porta dos Fundos: A Primeira Tentação de Cristo","11/12/2019"
"The Good Place: Temporada 4: A resposta","02/12/2019"
"A Maldição da Residência Hill: The Haunting of Hill House: O silêncio repousa soberano","21/11/2019"
"A Maldição da Residência Hill: The Haunting of Hill House: Marcas de uso","21/11/2019"
"The Good Place: Temporada 4: O funeral para acabar com todos os funerais","19/11/2019"
"The Good Place: Temporada 4: Ajuda é outra pessoa","19/11/2019"
"O Mundo Sombrio de Sabrina: Parte 2: Capítulo dezenove: Mandrágora","17/11/2019"
"O Mundo Sombrio de Sabrina: Parte 2: Capítulo dezoito: Os milagres de Sabrina Spellman","17/11/2019"
"O Mundo Sombrio de Sabrina: Parte 2: Capítulo dezessete: Missionários","17/11/2019"
"O Mundo Sombrio de Sabrina: Parte 2: Capítulo dezesseis: Blackwood","15/11/2019"
"O Mundo Sombrio de Sabrina: Parte 2: Capítulo quinze: As profecias do Dr. Cerberus","15/11/2019"
"O Mundo Sombrio de Sabrina: Parte 2: Capítulo catorze: Lupercália","14/11/2019"
"Seremos História?","05/11/2019"
"The Good Place: Temporada 4: O mistério do motorista","05/11/2019"
"Naruto: Temporada 3: O manual do ninja Naruto!","04/11/2019"
"Naruto: Temporada 3: Luz contra escuridão: as duas faces de Gaara","04/11/2019"
"Naruto: Temporada 3: O assassino da noite enluarada","04/11/2019"
"Naruto: Temporada 3: A decisão de Sasuke: pressionado ao extremo!","04/11/2019"
"Naruto: Temporada 3: Uma verdade surpreendente! A identidade do Gaara aparece!","02/11/2019"
"Naruto: Temporada 3: Técnica secreta proibida: selo Ceifeiro da Morte!","02/11/2019"
"Naruto: Temporada 3: Um erro do passado: o rosto revelado!","02/11/2019"
"Naruto: Temporada 3: Uma luta incomparável: Hokage contra Hokage!","02/11/2019"
"Naruto: Temporada 3: O ocioso entra em ação:chega de preguiça!","01/11/2019"
"Naruto: Temporada 3: Aldeia angustiada missão nível A!","01/11/2019"
"Naruto: Temporada 3: Zero hora! A destruição da aldeia da Folha começa!","01/11/2019"
"Naruto: Temporada 3: Atrasado para o show, mas pronto para lutar! A derradeira técnica nasce!","01/11/2019"
"Naruto: Temporada 3: O Jutsu do sobrancelhudo: estilo Sasuke!","01/11/2019"
"Naruto: Temporada 3: Folha dançante, areia contorcida","01/11/2019"
"Naruto: Temporada 3: Motivação zero: o cara com inveja da nuvem!","01/11/2019"
"Naruto: Temporada 3: Bata ou desista: as rodadas finais ficam complicadas!","01/11/2019"
"Naruto: Temporada 3: O verdadeiro poder do perdedor!","01/11/2019"
"Naruto: Temporada 3: A derradeira defesa: no ponto zero!","30/10/2019"
"Naruto: Temporada 3: Byakugan contra Jutsu clones da sombra!","30/10/2019"
"Naruto: Temporada 3: As rodadas finais: a corrida para a arena de batalha!","30/10/2019"
"The Good Place: Temporada 4: Funcionário do Bearimy","30/10/2019"
"What the Health","25/10/2019"
"Naruto: Temporada 3: Hospital sitiado: a mão do mal revelada!","21/10/2019"
"Naruto: Temporada 3: Ele voa! Ele salta! Ele espreita! O Sapo Chefe aparece!","21/10/2019"
"Naruto: Temporada 3: Viva ou morra: arrisque tudo para ganhar tudo!","19/10/2019"
"Naruto: Temporada 3: Um sentimento de anseio, uma flor cheia de esperança","19/10/2019"
"The Good Place: Temporada 4: Funileiro, alfaiate, demônio, espião","18/10/2019"
"The Good Place: Temporada 4: Chilaxando","18/10/2019"
"Naruto: Temporada 3: Jutsu de invocação: a sabedoria do sábio Sapo!!","18/10/2019"
"Naruto: Temporada 3: Após muito tempo: Jiraiya retorna!","18/10/2019"
"Naruto: Temporada 2: Ebisu Returns: Naruto's Toughest Training Yet!","17/10/2019"
"Naruto: Temporada 2: A Shadow in Darkness: Danger Approaches Sasuke","17/10/2019"
"Naruto: Temporada 2: The Fifth Gate: A Splendid Ninja Is Born","17/10/2019"
"Naruto: Temporada 2: Lee's Hidden Strength: Forbidden Secret Jutsu!","17/10/2019"
"Naruto: Temporada 2: Gaara vs. Rock Lee: The Power of Youth Explodes!","17/10/2019"
"Naruto: Temporada 2: A Failure Stands Tall!","17/10/2019"
"Naruto: Temporada 2: Byakugan Battle: Hinata Grows Bold!","16/10/2019"
"Naruto: Temporada 2: Surprise Attack! Naruto's Secret Weapon!","13/10/2019"
"Naruto: Temporada 2: Akamaru Unleashed! Who's Top Dog Now?","13/10/2019"
"Naruto: Temporada 2: Killer Kunoichi and a Shaky Shikamaru","13/10/2019"
"Naruto: Temporada 2: The Ultimate Battle: Cha!","12/10/2019"
"Naruto: Temporada 2: Kunoichi Rumble: The Rivals Get Serious!","12/10/2019"
"Naruto: Temporada 2: Kakashi and Orochimaru: Face-to-Face!","12/10/2019"
"Naruto: Temporada 2: Bushy Brow's Jealousy: Lions Barrage Unleashed!","12/10/2019"
"Naruto: Temporada 2: Narrowing the Field: Sudden Death Elimination!","12/10/2019"
"Naruto: Temporada 2: Surviving the Cut!  The Rookie Nine Together Again!","12/10/2019"
"Naruto: Temporada 2: Clone vs. Clone: Mine are Better than Yours!","12/10/2019"
"Naruto: Temporada 2: The Scroll's Secret: No Peeking Allowed","12/10/2019"
"Naruto: Temporada 2: Akamaru Trembles: Gaara's Cruel Strength!","12/10/2019"
"Naruto: Temporada 2: Battle Formation: Ino-Shika-Cho!","12/10/2019"
"Naruto: Temporada 2: Sakura Blossoms!","12/10/2019"
"Naruto: Temporada 2: Bushy Brow's Pledge: Undying Love and Protection!","12/10/2019"
"Naruto: Temporada 2: The Sharingan Revived: Dragon-Flame Jutsu!","12/10/2019"
"Naruto: Temporada 2: Naruto's Counterattack: Never Give In!","12/10/2019"
"Naruto: Temporada 2: Eat or Be Eaten: Panic in the Forest","12/10/2019"
"Naruto: Temporada 2: The Chunin Exam Stage 2: The Forest of Death","12/10/2019"
"Naruto: Temporada 1: Special Report: Live from the Forest of Death!","12/10/2019"
"Naruto: Temporada 1: The Tenth Question: All or Nothing!","12/10/2019"
"Naruto: Temporada 1: Start Your Engines: The Chunin Exam Begins!","12/10/2019"
"Naruto: Temporada 1: Genin Takedown! All Nine Rookies Face Off!","12/10/2019"
"Naruto: Temporada 1: Chunin Challenge: Rock Lee vs. Sasuke!","11/10/2019"
"Naruto: Temporada 1: Identify Yourself: Powerful New Rivals","11/10/2019"
"Naruto: Temporada 1: A New Chapter Begins: The Chunin Exam!","10/10/2019"
"Naruto: Temporada 1: The Demon in the Snow","10/10/2019"
"Naruto: Temporada 1: The Weapons Known as Shinobi","10/10/2019"
"Naruto: Temporada 1: White Past: Hidden Ambition","10/10/2019"
"Naruto: Temporada 1: The Broken Seal","10/10/2019"
"Naruto: Temporada 1: Zero Visibility: The Sharingan Shatters","10/10/2019"
"Naruto: Temporada 1: The Number One Hyperactive, Knucklehead Ninja Joins the Fight!!","09/10/2019"
"Naruto: Temporada 1: Haku's Secret Jutsu: Crystal Ice Mirrors","09/10/2019"
"Naruto: Temporada 1: Battle on the Bridge!  Zabuza Returns!!","09/10/2019"
"Naruto: Temporada 1: The Land Where a Hero Once Lived","08/10/2019"
"Naruto: Temporada 1: The Forest of Chakra","08/10/2019"
"Naruto: Temporada 1: Kakashi: Sharingan Warrior","08/10/2019"
"Naruto: Temporada 1: The Oath of Pain","08/10/2019"
"Naruto: Temporada 1: The Assassin of the Mist!","07/10/2019"
"Naruto: Temporada 1: A Dangerous Mission! Journey to the Land of Waves!","07/10/2019"
"Naruto: Temporada 1: You Failed! Kakashi's Final Decision","07/10/2019"
"Naruto: Temporada 1: Pass or Fail: Survival Test","07/10/2019"
"Naruto: Temporada 1: Sasuke and Sakura: Friends or Foes?","05/10/2019"
"Naruto: Temporada 1: My Name Is Konohamaru!","05/10/2019"
"Naruto: Temporada 1: Enter: Naruto Uzumaki!","05/10/2019"
"Cães de aluguel","04/10/2019"
"The Good Place: Temporada 4: Uma garota do Arizona - segunda parte","04/10/2019"
"Bates Motel: Temporada 5: A convergência do Twain","04/10/2019"
"Bates Motel: Temporada 5: Paraíso negro","04/10/2019"
"The Good Place: Temporada 1: Tudo está bem","04/10/2019"
"Bates Motel: Temporada 4: Norman","29/09/2019"
"Bates Motel: Temporada 4: Para sempre","29/09/2019"
"Bates Motel: Temporada 4: Infiel","29/09/2019"
"Bates Motel: Temporada 4: Nada como o nosso lar","29/09/2019"
"Bates Motel: Temporada 4: O cofre","29/09/2019"
"Bates Motel: Temporada 4: Refração","29/09/2019"
"Bates Motel: Temporada 4: Luzes de inverno","28/09/2019"
"Bates Motel: Temporada 4: Até que a morte os separe","28/09/2019"
"Bates Motel: Temporada 4: Boa noite, mamãe","28/09/2019"
"Bates Motel: Temporada 4: Perigoso para ele e os outros","27/09/2019"
"The Good Place: Temporada 4: Uma garota do Arizona - primeira parte","27/09/2019"
"The Good Place: Temporada 3: Pandemônio","27/09/2019"
"Marvel - Jessica Jones: Temporada 2: Um terrível acidente","23/09/2019"
"Marvel - Jessica Jones: Temporada 2: Comece do início","23/09/2019"
"As Telefonistas: Temporada 4: Capítulo 32: Sorte","22/09/2019"
"As Telefonistas: Temporada 4: Capítulo 31: Felicidade","22/09/2019"
"As Telefonistas: Temporada 4: Capítulo 30: Dúvida","21/09/2019"
"As Telefonistas: Temporada 4: Capítulo 29: Vida","21/09/2019"
"12 Anos de Escravidão","21/09/2019"
"A Segunda Guerra em Cores: World War II in Colour: Guerra-relâmpago","15/09/2019"
"A Segunda Guerra em Cores: World War II in Colour: A tempestade se avizinha","14/09/2019"
"Bastardos Inglórios","14/09/2019"
"Oprah Apresenta: Olhos que Condenam","07/09/2019"
"Orange Is the New Black: Temporada 7: Despedidas e recomeços","07/09/2019"
"Orange Is the New Black: Temporada 7: Casarão","07/09/2019"
"Orange Is the New Black: Temporada 7: Deus abençoe a América","07/09/2019"
"Orange Is the New Black: Temporada 7: A décima terceira","07/09/2019"
"Orange Is the New Black: Temporada 7: Esconderijo","07/09/2019"
"Orange Is the New Black: Temporada 7: Dúzia de padeiro","06/09/2019"
"Orange Is the New Black: Temporada 7: Eu também","06/09/2019"
"Orange Is the New Black: Temporada 7: Presa no elevador","02/09/2019"
"Orange Is the New Black: Temporada 7: Deportação","01/09/2019"
"Orange Is the New Black: Temporada 7: O caos da vida","30/08/2019"
"Orange Is the New Black: Temporada 7: Brown is the New Orange","30/08/2019"
"Orange Is the New Black: Temporada 7: Sobremesa","30/08/2019"
"Orange Is the New Black: Temporada 7: O começo do fim","30/08/2019"
"Orange Is the New Black: Temporada 6: Liberte-se","30/08/2019"
"Orange Is the New Black: Temporada 6: Problemas em dobro","30/08/2019"
"Orange Is the New Black: Temporada 6: Situação sinistra","30/08/2019"
"Trotsky: Episódio 8","28/08/2019"
"Trotsky: Episódio 7","28/08/2019"
"Trotsky: Episódio 6","25/08/2019"
"Trotsky: Episódio 5","25/08/2019"
"Trotsky: Episódio 4","24/08/2019"
"Trotsky: Episódio 3","17/08/2019"
"Trotsky: Episódio 2","16/08/2019"
"Trotsky: Episódio 1","16/08/2019"
"Feministas: O Que Elas Estavam Pensando?","16/08/2019"
"As Telefonistas: Temporada 4: Capítulo 28: Medo","11/08/2019"
"As Telefonistas: Temporada 4: Capítulo 27: Justiça","10/08/2019"
"As Telefonistas: Temporada 4: Capítulo 26: Liberdade","10/08/2019"
"As Telefonistas: Temporada 4: Capítulo 25: Igualdade","09/08/2019"
"3%: Temporada 2: Capítulo 1: Espelho","02/08/2019"
"Olhos que Condenam: Minissérie: Parte 4","27/07/2019"
"La casa de papel: Parte 3: À deriva","20/07/2019"
"La casa de papel: Parte 3: Férias curtas","20/07/2019"
"La casa de papel: Parte 3: Tudo parecia insignificante","20/07/2019"
"La casa de papel: Parte 3: Bum, bum, ciao","20/07/2019"
"La casa de papel: Parte 3: Hora do golfinho","20/07/2019"
"La casa de papel: Parte 3: 48 metros de profundidade","20/07/2019"
"La casa de papel: Parte 3: Aikido","19/07/2019"
"La casa de papel: Parte 3: Estamos de volta","19/07/2019"
"La casa de papel: Parte 1: Episódio 6","19/07/2019"
"Olhos que Condenam: Minissérie: Parte 3","18/07/2019"
"Olhos que Condenam: Minissérie: Parte 2","17/07/2019"
"Olhos que Condenam: Minissérie: Parte 1","16/07/2019"
"Coisa Mais Linda: Temporada 1: Fantasmas do Natal passado","16/07/2019"
"Coisa Mais Linda: Temporada 1: Desapego","16/07/2019"
"Coisa Mais Linda: Temporada 1: Consequências","14/07/2019"
"Coisa Mais Linda: Temporada 1: As sonhadoras","14/07/2019"
"Coisa Mais Linda: Temporada 1: Águas de agosto","14/07/2019"
"Coisa Mais Linda: Temporada 1: Garotas não são bem-vindas","13/07/2019"
"Coisa Mais Linda: Temporada 1: Bem-vinda ao Rio","13/07/2019"
"Lucifer: Temporada 2: Engolidor de pecados","13/07/2019"
"The 100: Temporada 5: A batalha: Parte 2","09/07/2019"
"The 100: Temporada 5: A batalha: Parte 1","09/07/2019"
"The 100: Temporada 5: Ano sombrio","09/07/2019"
"The 100: Temporada 5: A vez dos guerreiros","09/07/2019"
"The 100: Temporada 5: Abaixo os tiranos","09/07/2019"
"The 100: Temporada 5: Como conquistar a paz","06/07/2019"
"The 100: Temporada 5: Perda aceitável","06/07/2019"
"The 100: Temporada 5: Feridas dolorosas","06/07/2019"
"The 100: Temporada 5: Tempos de mudança","30/06/2019"
"The 100: Temporada 5: A caixa de Pandora","30/06/2019"
"Dark: Temporada 2: Fins e começos","26/06/2019"
"Dark: Temporada 2: Diabo Branco","26/06/2019"
"Dark: Temporada 2: Ciclo sem fim","25/06/2019"
"Dark: Temporada 2: Achados e perdidos","25/06/2019"
"Democracia em Vertigem","25/06/2019"
"Dark: Temporada 2: Os viajantes","24/06/2019"
"Dark: Temporada 2: Fantasmas","24/06/2019"
"Dark: Temporada 2: Matéria escura","22/06/2019"
"Dark: Temporada 2: Começos e fins","21/06/2019"
"A Terra É Plana","16/06/2019"
"Black Mirror: Temporada 5: Rachel, Jack e Ashley Too","15/06/2019"
"Lucifer: Temporada 2: Mentira cabeluda","01/06/2019"
"Lucifer: Temporada 2: Direto do Inferno","26/05/2019"
"Lucifer: Temporada 1: Me leve de volta ao Inferno","26/05/2019"
"Lucifer: Temporada 1: #EquipeLucifer","26/05/2019"
"Lucifer: Temporada 1: Santo Lucifer","26/05/2019"
"The Good Place: Temporada 3: Chidi vê a Faca do Tempo","25/05/2019"
"The Good Place: Temporada 3: O livro dos Dougs","25/05/2019"
"Brilhante Victória: A Grande Apresentação","25/05/2019"
"The Society: O que aconteceu","23/05/2019"
"Lucifer: Temporada 1: Pops","18/05/2019"
"Lucifer: Temporada 1: Um padre entra no bar","18/05/2019"
"O Mundo Sombrio de Sabrina: Parte 2: Capítulo treze: A paixão de Sabrina Spellman","18/05/2019"
"O Mundo Sombrio de Sabrina: Parte 2: Capítulo doze: Epifania","17/05/2019"
"O Mundo Sombrio de Sabrina: Parte 1: Capítulo onze: Um conto de inverno","17/05/2019"
"O Mundo Sombrio de Sabrina: Parte 1: Capítulo dez: A hora das bruxas","17/05/2019"
"O Mundo Sombrio de Sabrina: Parte 1: Capítulo nove: De volta ao mundo dos vivos","17/05/2019"
"O Mundo Sombrio de Sabrina: Parte 1: Capítulo oito: O enterro","17/05/2019"
"O Mundo Sombrio de Sabrina: Parte 1: Capítulo sete: O ritual dos rituais","17/05/2019"
"O Mundo Sombrio de Sabrina: Parte 1: Capítulo seis: Exorcismo em Greendale","06/05/2019"
"O Mundo Sombrio de Sabrina: Parte 1: Capítulo cinco: Sonhos de bruxa","05/05/2019"
"O Mundo Sombrio de Sabrina: Parte 1: Capítulo quatro: Academia de bruxas","29/04/2019"
"O Mundo Sombrio de Sabrina: Parte 1: Capítulo três: O julgamento de Sabrina Spellman","28/04/2019"
"O Date Perfeito","26/04/2019"
"Frozen - Uma Aventura Congelante","26/04/2019"
"Megarrromântico","26/04/2019"
"O Mundo Sombrio de Sabrina: Parte 1: Capítulo dois: Batismo das trevas","26/04/2019"
"O Mundo Sombrio de Sabrina: Parte 1: Capítulo um: É tempo de Halloween","26/04/2019"
"Sex Education: Temporada 1: Episódio 1","13/04/2019"
"A Origem","07/04/2019"
"Lucifer: Temporada 1: Até tu, Doutora?","23/03/2019"
"Lucifer: Temporada 1: Parceiro","23/03/2019"
"Lucifer: Temporada 1: Filho favorito","23/03/2019"
"The OA: Parte 2: Capítulo 2: Ilha do tesouro","23/03/2019"
"The OA: Parte 2: Capítulo 1: Anjo da Morte","23/03/2019"
"Lucifer: Temporada 1: Sapatos","17/03/2019"
"Lucifer: Temporada 1: Novidades masculinas","17/03/2019"
"Lucifer: Temporada 1: O quase Príncipe das Trevas","17/03/2019"
"Lucifer: Temporada 1: Fica, Lucifer. Bom Diabo.","17/03/2019"
"Lucifer: Temporada 1: Piloto","17/03/2019"
"Lilo & Stitch","16/03/2019"
"Vingadores: Era de Ultron","16/03/2019"
"As Telefonistas: Temporada 3: Capítulo 24: O destino","12/03/2019"
"As Telefonistas: Temporada 3: Capítulo 23: A esperança","12/03/2019"
"As Telefonistas: Temporada 3: Capítulo 22: A luta","12/03/2019"
"As Telefonistas: Temporada 3: Capítulo 21: O pecado","12/03/2019"
"As Telefonistas: Temporada 3: Capítulo 20: A vingança","12/03/2019"
"As Telefonistas: Temporada 3: Capítulo 19: A verdade","11/03/2019"
"As Telefonistas: Temporada 3: Capítulo 18: A morte","10/03/2019"
"As Telefonistas: Temporada 3: Capítulo 17: O tempo","10/03/2019"
"As Telefonistas: Temporada 2: Capítulo 16: A inocência","10/03/2019"
"As Telefonistas: Temporada 2: Capítulo 15: As oportunidades","10/03/2019"
"As Telefonistas: Temporada 2: Capítulo 14: A solidão","10/03/2019"
"As Telefonistas: Temporada 2: Capítulo 13: Os segredos","09/03/2019"
"As Telefonistas: Temporada 2: Capítulo 12: A culpa","09/03/2019"
"As Telefonistas: Temporada 2: Capítulo 11: O ciúme","08/03/2019"
"As Telefonistas: Temporada 2: Capítulo 10: O pacto","08/03/2019"
"As Telefonistas: Temporada 2: Capítulo 9: A escolha","04/03/2019"
"As Telefonistas: Temporada 1: Capítulo 8: O amor","04/03/2019"
"As Telefonistas: Temporada 1: Capítulo 7: As perdas","04/03/2019"
"As Telefonistas: Temporada 1: Capítulo 6: A família","04/03/2019"
"As Telefonistas: Temporada 1: Capítulo 5: O passado","04/03/2019"
"As Telefonistas: Temporada 1: Capítulo 4: Os sentimentos","25/02/2019"
"As Telefonistas: Temporada 1: Capítulo 3: As mentiras","25/02/2019"
"Big Mouth: Temporada 1: Sou gay?","24/02/2019"
"Big Mouth: Temporada 1: Todo mundo sangra","22/02/2019"
"Big Mouth: Temporada 1: O milagre da ejaculação","22/02/2019"
"O virgem de 40 anos","16/02/2019"
"As Telefonistas: Temporada 1: Capítulo 2: As memórias","15/02/2019"
"As Telefonistas: Temporada 1: Capítulo 1: Os sonhos","10/02/2019"
"A Maldição da Residência Hill: The Haunting of Hill House: Steven vê um fantasma","09/02/2019"
"Titãs: Temporada 1: Dick Grayson","09/02/2019"
"Titãs: Temporada 1: Koriand'r","09/02/2019"
"Titãs: Temporada 1: Hank e Dawn","09/02/2019"
"Titãs: Temporada 1: Donna Troy","09/02/2019"
"Titãs: Temporada 1: O hospício","09/02/2019"
"Titãs: Temporada 1: Jason Todd","08/02/2019"
"Titãs: Temporada 1: Juntos","08/02/2019"
"Titãs: Temporada 1: Patrulha de condenados","08/02/2019"
"Titãs: Temporada 1: Origens","08/02/2019"
"Titãs: Temporada 1: Rapina e Columba","08/02/2019"
"Titãs: Temporada 1: Titãs","07/02/2019"
"Merlí: Temporada 3: Episódio 14","06/02/2019"
"Merlí: Temporada 3: Episódio 13","06/02/2019"
"Merlí: Temporada 3: Episódio 12","05/02/2019"
"Merlí: Temporada 3: Episódio 11","05/02/2019"
"Merlí: Temporada 3: Episódio 10","04/02/2019"
"Merlí: Temporada 3: Episódio 9","01/02/2019"
"Merlí: Temporada 3: Episódio 8","01/02/2019"
"Merlí: Temporada 3: Episódio 7","01/02/2019"
"Cam","27/01/2019"
"Narcos: Temporada 1: A chegada","27/01/2019"
"Narcos: México: Temporada 1: Camelot","27/01/2019"
"Merlí: Temporada 3: Episódio 6","26/01/2019"
"Merlí: Temporada 3: Episódio 5","25/01/2019"
"Merlí: Temporada 3: Episódio 4","25/01/2019"
"Merlí: Temporada 3: Episódio 3","25/01/2019"
"Merlí: Temporada 3: Episódio 2","22/01/2019"
"Merlí: Temporada 3: Episódio 1","22/01/2019"
"Merlí: Temporada 2: Episódio 13","21/01/2019"
"Merlí: Temporada 2: Episódio 12","21/01/2019"
"Merlí: Temporada 2: Episódio 11","21/01/2019"
"Merlí: Temporada 2: Episódio 10","21/01/2019"
"Merlí: Temporada 2: Episódio 9","21/01/2019"
"Merlí: Temporada 2: Episódio 8","21/01/2019"
"Merlí: Temporada 2: Episódio 7","21/01/2019"
"Merlí: Temporada 2: Episódio 6","20/01/2019"
"Merlí: Temporada 2: Episódio 5","20/01/2019"
"Merlí: Temporada 2: Episódio 4","20/01/2019"
"Merlí: Temporada 2: Episódio 3","20/01/2019"
"Merlí: Temporada 2: Episódio 2","20/01/2019"
"Merlí: Temporada 2: Episódio 1","20/01/2019"
"Merlí: Nietzsche","20/01/2019"
"Merlí: Hume","20/01/2019"
"Merlí: Os sofistas","20/01/2019"
"Merlí: Os céticos","19/01/2019"
"Merlí: Epicuro","19/01/2019"
"Merlí: Guy Debord","19/01/2019"
"Merlí: Foucault","19/01/2019"
"Merlí: Schopenhauer","19/01/2019"
"Merlí: Sócrates","19/01/2019"
"Merlí: Aristóteles","19/01/2019"
"Merlí: Maquiavel","19/01/2019"
"Merlí: Platão","19/01/2019"
"Merlí: Os peripatéticos","19/01/2019"
"House of Cards: Temporada 2: Capítulo 18","09/01/2019"
"House of Cards: Temporada 2: Capítulo 17","09/01/2019"
"House of Cards: Temporada 2: Capítulo 16","09/01/2019"
"House of Cards: Temporada 2: Capítulo 15","06/01/2019"
"House of Cards: Temporada 2: Capítulo 14","06/01/2019"
"House of Cards: Temporada 1: Capítulo 13","05/01/2019"
"House of Cards: Temporada 1: Capítulo 12","05/01/2019"
"Bird Box","22/12/2018"
"A Anatomia de Grey: Temporada 2: Sempre chove no final","21/12/2018"
"A Anatomia de Grey: Temporada 5: Infeliz para sempre - Parte 1","21/12/2018"
"Investigação Criminal: Temporada 2: Gil Rugai","20/12/2018"
"Investigação Criminal: Temporada 2: Irmãos Asfixiados","20/12/2018"
"Minimalism: A Documentary About the Important Things","19/12/2018"
"The Good Place: Temporada 3: Janet(s)","19/12/2018"
"The Good Place: Temporada 3: Não deixe a vida boa passar","19/12/2018"
"Tai Chi Zero","18/12/2018"
"The Good Place: Temporada 3: O pior uso possível do livre-arbítrio","15/12/2018"
"The Good Place: Temporada 3: Uma Herança Fraturada","15/12/2018"
"Onde Está Segunda?","14/12/2018"
"The Good Place: Temporada 3: A balada de Doug Mula","12/12/2018"
"The Good Place: Temporada 3: Jeremy Bearimy","12/12/2018"
"The Good Place: Temporada 3: O limpa-neve","12/12/2018"
"House of Cards: Temporada 1: Capítulo 11","09/12/2018"
"House of Cards: Temporada 1: Capítulo 10","19/11/2018"
"House of Cards: Temporada 1: Capítulo 9","19/11/2018"
"The Good Place: Temporada 3: A turma do cérebro","15/11/2018"
"BoJack Horseman: Temporada 1: BoJack, o traidor da pátria","07/11/2018"
"Orange Is the New Black: Temporada 6: Chocolate Chip Nookie","06/11/2018"
"Orange Is the New Black: Temporada 6: Corte o cordão","06/11/2018"
"Orange Is the New Black: Temporada 6: Gordons","06/11/2018"
"Orange Is the New Black: Temporada 6: Ventos da mudança","06/11/2018"
"Orange Is the New Black: Temporada 6: O estado do útero","06/11/2018"
"Orange Is the New Black: Temporada 6: Bagunça","05/11/2018"
"Orange Is the New Black: Temporada 6: Eu sou o burro falante","05/11/2018"
"Orange Is the New Black: Temporada 6: Você tem que pensar em si mesmo","05/11/2018"
"The Good Place: Temporada 3: Está tudo ótimo","15/10/2018"
"The Good Place: Temporada 2: Para outro lugar","15/10/2018"
"The Good Place: Temporada 2: Janet e Michael","12/10/2018"
"The Good Place: Temporada 2: O dilema do bonde","11/10/2018"
"The Good Place: Temporada 2: Crise existencial","11/10/2018"
"The Good Place: Temporada 2: Time Barata","11/10/2018"
"22 de Julho","10/10/2018"
"Jane The Virgin: Temporada 3: Capítulo cinquenta e nove","10/10/2018"
"House of Cards: Temporada 1: Capítulo 5","10/10/2018"
"The Good Place: Temporada 2: Resolução da Dança","10/10/2018"
"Jane The Virgin: Temporada 3: Capítulo cinquenta e oito","10/10/2018"
"The Good Place: Temporada 2: Está tudo ótimo!","09/10/2018"
"The Good Place: Temporada 1: O plano de Michael","09/10/2018"
"Hotel Transilvânia 2","09/10/2018"
"Operação Final","09/10/2018"
"The Good Place: Temporada 1: Mindy St. Claire","07/10/2018"
"House of Cards: Temporada 1: Capítulo 4","23/09/2018"
"Caso de Polícia: Quem armou essa cilada?","23/09/2018"
"House of Cards: Temporada 1: Capítulo 3","18/09/2018"
"House of Cards: Temporada 1: Capítulo 2","18/09/2018"
"House of Cards: Temporada 1: Capítulo 1","09/09/2018"
"Orange Is the New Black: Temporada 6: Tempestade de m*rda","07/08/2018"
"Orange Is the New Black: Temporada 6: Quem sabe mais do que eu?","07/08/2018"
"The Discovery","07/08/2018"
"Orange Is the New Black: Temporada 1: Quem com ferro fere..","28/07/2018"
"Bates Motel: Temporada 3: Inconsciente","15/07/2018"
"Sense8: Temporada 2: Amor vincit omnia","08/07/2018"
"Sense8: Temporada 1: Ressonância límbica","08/07/2018"
"Bates Motel: Temporada 3: O passado bate à porta","27/05/2018"
"Bates Motel: Temporada 3: O buraco","27/05/2018"
"Bates Motel: Temporada 3: A última ceia","26/05/2018"
"O Jogo da Imitação","22/05/2018"
"Bates Motel: Temporada 3: Norma Louise","20/05/2018"
"Bates Motel: Temporada 3: O acordo","20/05/2018"
"13 Reasons Why: Temporada 2: Duas garotas se beijam","20/05/2018"
"13 Reasons Why: Temporada 2: A primeira foto Polaroid","20/05/2018"
"13 Reasons Why: Temporada 1: Fita 1, Lado A","20/05/2018"
"Bates Motel: Temporada 3: Indecifrável","14/05/2018"
"Bates Motel: Temporada 3: Persuasão","13/05/2018"
"Bates Motel: Temporada 3: Clube Arcanum","13/05/2018"
"Fed Up","06/05/2018"
"José do Egito: Episódio 30","30/04/2018"
"José do Egito: Episódio 29","30/04/2018"
"José do Egito: Episódio 28","30/04/2018"
"José do Egito: Episódio 27","30/04/2018"
"José do Egito: Episódio 26","30/04/2018"
"José do Egito: Episódio 25","30/04/2018"
"José do Egito: Episódio 23","30/04/2018"
"José do Egito: Episódio 20","30/04/2018"
"José do Egito: Episódio 17","30/04/2018"
"José do Egito: Episódio 15","30/04/2018"
"José do Egito: Episódio 12","30/04/2018"
"José do Egito: Episódio 10","30/04/2018"
"José do Egito: Episódio 9","30/04/2018"
"José do Egito: Episódio 6","30/04/2018"
"The 100: Temporada 4: Praimfaya","30/04/2018"
"The 100: Temporada 4: Os escolhidos","30/04/2018"
"The 100: Temporada 4: O outro lado","30/04/2018"
"The 100: Temporada 4: Todos morreremos","30/04/2018"
"The 100: Temporada 4: Não ressuscitar","29/04/2018"
"The 100: Temporada 4: Nível doze","29/04/2018"
"The 100: Temporada 4: Abrigo","22/04/2018"
"The 100: Temporada 4: Das cinzas, renasceremos","22/04/2018"
"The 100: Temporada 4: A isca","22/04/2018"
"Rick and Morty: Piloto","17/04/2018"
"A Fraternidade","24/03/2018"
"Rebelião","20/03/2018"
"Velozes e Furiosos 7","10/03/2018"
"La casa de papel: Parte 1: Episódio 5","10/03/2018"
"La casa de papel: Parte 1: Episódio 1","25/02/2018"
"Orange Is the New Black: Temporada 1: Altos e sensíveis","17/02/2018"
"Orange Is the New Black: Temporada 1: Bora Bora Bora","17/02/2018"
"Trash - A Esperança Vem do Lixo","15/02/2018"
"Um maluco no pedaço: O amor é burro","14/02/2018"
"Marco Luque: Tamo Junto","10/02/2018"
"Bem-vindo à Prisão","10/02/2018"
"La casa de papel: Parte 1: Episódio 13","09/02/2018"
"La casa de papel: Parte 1: Episódio 12","09/02/2018"
"La casa de papel: Parte 1: Episódio 11","08/02/2018"
"La casa de papel: Parte 1: Episódio 10","07/02/2018"
"La casa de papel: Parte 1: Episódio 9","07/02/2018"
"La casa de papel: Parte 1: Episódio 8","07/02/2018"
"La casa de papel: Parte 1: Episódio 7","06/02/2018"
"Gente grande","06/02/2018"
"La casa de papel: Parte 1: Episódio 4","06/02/2018"
"La casa de papel: Parte 1: Episódio 3","06/02/2018"
"La casa de papel: Parte 1: Episódio 2","05/02/2018"
"Black Mirror: Temporada 4: USS Callister","15/01/2018"
"American Pie 2 - A segunda vez é ainda melhor","07/11/2017"
"O Diário de Tati","05/11/2017"
"O Massacre da Serra Elétrica 2","30/10/2017"
"Jackass 2 - O Filme","30/10/2017"
"Pânico 4","29/10/2017"
"Brinquedo Assassino 2","29/10/2017"
"Um maluco no pedaço: A vida do maluco no pedaço","29/10/2017"
"Ted 2","29/10/2017"
" ","28/10/2017"
"Colegas","28/10/2017"
"A Babá","28/10/2017"
"Good Burger","28/10/2017"
"Carrossel 2 – O Sumiço de Maria Joaquina","28/10/2017"
"Para sempre Alice","28/10/2017"
"Gente Grande 2","27/10/2017"
"The Flash: Temporada 1: Piloto","25/10/2017"
"Se Puder... Dirija!","21/10/2017"
"Brinquedo Assassino 3","19/10/2017"
"Orange Is the New Black: Temporada 1: Eu não estava pronta","19/10/2017"
"Internet: O Filme","19/10/2017"
"Agentes Fora da Lei: Episódio 1","18/10/2017"
"O menino do pijama listrado","18/10/2017"
"Up - Altas aventuras","28/04/2017"
"John Carter: Entre Dois Mundos","28/04/2017"
"True Memoirs of an International Assassin - Motion Video - 1loop","04/11/2016"
"Marvel's Luke Cage - Motion Video - 1loop","15/10/2016"
"Friends: Aquele com o sabão em pó da Alemanha Oriental","29/12/2015"
